<?xml version="1.0"?>
<block>
  <name>Multiply Py</name>
  <key>tutorial_multiply_py_ff</key>
  <category>Tutorial</category>
  <import>import tutorial</import>
  <make>tutorial.multiply_py_ff($multiple)</make>
  <!-- Make one 'param' node for every Parameter you want settable from the GUI.
       Sub-nodes:
       * name
       * key (makes the value accessible as $keyname, e.g. in the make node)
       * type -->
  <param>
    <name>Multiple</name>
    <key>multiple</key>
    <type>float</type>
  </param>

  <!-- Make one 'sink' node per input. Sub-nodes:
       * name (an identifier for the GUI)
       * type
       * vlen
       * optional (set to 1 for optional inputs) -->
  <sink>
    <name>in</name>
    <type>float</type>
  </sink>

  <!-- Make one 'source' node per output. Sub-nodes:
       * name (an identifier for the GUI)
       * type
       * vlen
       * optional (set to 1 for optional inputs) -->
  <source>
    <name>out</name>
    <type>float</type>
  </source>
</block>
