<?xml version="1.0"?>
<block>
  <name>Chat Sanitizer</name>
  <key>tutorial_chat_sanitizer</key>
  <category>Tutorial</category>
  <import>import tutorial</import>
  <import>from gnuradio.digital import packet_utils</import>
  <make>tutorial.chat_sanitizer($prefix, $access_code)</make>
  <callback>post_message($msg)</callback>
  <param>
    <name>Chat Prefix</name>
    <key>prefix</key>
    <type>string</type>
  </param>
  <param>
    <name>Message</name>
    <key>msg</key>
    <value>Hello World!</value>
    <type>string</type>
  </param>
  <param>
    <name>Access code</name>
    <key>access_code</key>
    <value></value>
    <type>string</type>
    <hide>part</hide>
  </param>
  <source>
    <name>out</name>
    <type>message</type>
  </source>
</block>
